id,name,sector,public,value,description
4a93dd9b-e6b5-4d60-beca-2a2adb220c4d,Gonzalez PLC,e-enable one-to-one niches,Yes,843559550.99,"Gonzalez PLC provides the following services:
- Synergistic responsive Internet solution
- Quality-focused logistical encryption
- Vision-oriented client-server orchestration
- User-centric optimizing product"
53e9fd6e-5335-4d3d-a97e-a723b9d7098c,"Erickson, Miller and Carroll",redefine compelling web services,Yes,52777102.84,"Erickson, Miller and Carroll provides the following services:
- Public-key zero tolerance extranet
- Horizontal heuristic product
- Multi-channeled responsive product
- Right-sized fault-tolerant complexity"
276431ab-82d2-4d8c-a675-2f8edc552e51,Madden-Morse,generate B2B action-items,Yes,120712777.78,"Madden-Morse provides the following services:
- Extended multi-state frame
- Multi-tiered mobile superstructure
- Organic directional time-frame
- Front-line motivating hardware"
d11d9826-9556-4b3d-b479-b5cb9a0a2a63,Gillespie-Mueller,aggregate collaborative models,No,68508141.2,"Gillespie-Mueller provides the following services:
- Vision-oriented responsive matrices
- Diverse coherent moratorium
- Decentralized leadingedge throughput
- Realigned logistical intranet"
8f26cb78-e04d-4db4-9a09-8d3f606a6a8c,Schwartz-Blackwell,optimize clicks-and-mortar bandwidth,No,126233659.87,"Schwartz-Blackwell provides the following services:
- Organic stable frame
- Multi-tiered impactful array
- Reduced regional contingency
- Progressive tertiary standardization"
f9301728-4d57-4c30-967e-ccebd5705711,"Jarvis, Rivera and Montoya",unleash e-business communities,No,630051959.2,"Jarvis, Rivera and Montoya provides the following services:
- Ameliorated hybrid projection
- Operative asynchronous groupware
- Quality-focused systematic standardization
- Progressive executive protocol"
c0d3aa9a-3128-4ff1-9e90-ec66e14a017f,Smith-Owen,maximize B2B technologies,Yes,191621318.95,"Smith-Owen provides the following services:
- Cross-platform tertiary algorithm
- Phased secondary capacity
- Reduced client-server frame
- Re-engineered solution-oriented software"
b13b9214-f77e-43fb-928c-157b8c8284ec,"Jacobs, Allison and Rodriguez",evolve cross-media e-services,Yes,619825086.42,"Jacobs, Allison and Rodriguez provides the following services:
- Proactive optimizing focus group
- Monitored intermediate function
- De-engineered methodical hub
- Down-sized national policy"
1df77618-b128-407b-af75-0ca2299a56f8,"Beasley, Gomez and Garrett",deliver vertical markets,Yes,983904510.19,"Beasley, Gomez and Garrett provides the following services:
- Business-focused explicit frame
- Decentralized cohesive instruction set
- Focused dedicated alliance
- Intuitive well-modulated groupware"
8d52d9db-9a3e-4864-9d23-77fe60df4e78,Franklin-Brennan,transform cross-media relationships,No,842908627.64,"Franklin-Brennan provides the following services:
- Future-proofed responsive project
- Configurable context-sensitive service-desk
- Versatile analyzing interface
- Public-key discrete software"
85f7fcf2-c010-49c9-9a23-109b270af8ff,Henderson-Williams,syndicate collaborative functionalities,Yes,530252537.75,"Henderson-Williams provides the following services:
- Future-proofed hybrid flexibility
- Programmable web-enabled model
- Distributed regional intranet
- Expanded actuating productivity"
2b8276ad-a35b-4ebb-8091-596e57e17256,Ibarra-Mcclure,embrace open-source synergies,Yes,491044563.43,"Ibarra-Mcclure provides the following services:
- Open-source client-driven artificial intelligence
- Compatible non-volatile archive
- Seamless national intranet
- Versatile transitional utilization"
11284cc3-b602-4bd0-86ff-eeed987ba32d,Newman LLC,empower transparent technologies,No,720863057.81,"Newman LLC provides the following services:
- Stand-alone 3rdgeneration core
- Triple-buffered 3rdgeneration functionalities
- Open-source real-time service-desk
- Triple-buffered content-based data-warehouse"
07820136-078e-46fe-b4ee-bc2f5011ffdc,Park PLC,innovate customized markets,Yes,723310925.32,"Park PLC provides the following services:
- Adaptive content-based portal
- Robust non-volatile algorithm
- Persevering 24hour core
- Quality-focused static array"
58166d0a-b036-4dbb-867a-d702417c437b,Torres Group,facilitate plug-and-play e-services,No,463093118.54,"Torres Group provides the following services:
- Vision-oriented explicit service-desk
- Enterprise-wide 24/7 secured line
- Programmable clear-thinking throughput
- Operative radical database"
d71d233b-30e9-4458-b936-883cef82c84d,Watts and Sons,extend transparent web services,No,898754422.39,"Watts and Sons provides the following services:
- Centralized needs-based productivity
- Business-focused composite superstructure
- Fully-configurable client-server initiative
- Quality-focused hybrid functionalities"
634e4c94-1eff-4966-bc7b-f33476e68fc0,Chung PLC,unleash intuitive users,Yes,372234254.71,"Chung PLC provides the following services:
- Virtual attitude-oriented paradigm
- Persevering transitional system engine
- Sharable real-time migration
- Persistent scalable function"
94539dfc-e0d4-420f-b48e-2fe5170aecf3,"Parker, Gaines and Duran",embrace open-source applications,No,409723863.8,"Parker, Gaines and Duran provides the following services:
- Proactive systematic emulation
- Upgradable 24/7 function
- Automated even-keeled architecture
- Advanced global Local Area Network"
4ed0760e-ab52-416e-a3a1-f45983ad2de8,Schaefer-Thompson,embrace revolutionary infrastructures,No,868512262.22,"Schaefer-Thompson provides the following services:
- Ergonomic 24hour time-frame
- Ergonomic value-added definition
- Switchable national groupware
- Inverse demand-driven parallelism"
552b87e5-5a08-4c40-88f6-2936d5e9d6cd,Martinez PLC,grow next-generation bandwidth,No,49269774.6,"Martinez PLC provides the following services:
- Reduced client-server definition
- Cloned holistic analyzer
- Digitized value-added standardization
- Up-sized directional matrices"
d8e35b50-7174-47f6-a057-4f4b643fe8d1,Harris LLC,embrace clicks-and-mortar communities,No,453890826.06,"Harris LLC provides the following services:
- Total asymmetric intranet
- Triple-buffered logistical conglomeration
- Persistent human-resource methodology
- Visionary composite model"
9de081d4-57d5-4e31-ad79-dcb228b76745,Parker-Cortez,evolve cutting-edge eyeballs,No,954584513.23,"Parker-Cortez provides the following services:
- Synchronized full-range hub
- Synchronized content-based challenge
- Future-proofed responsive analyzer
- Synergistic multi-state portal"
1876d9e7-2cb2-4034-aebd-b1ea9dd3eda6,Padilla-Hunt,cultivate real-time e-commerce,Yes,985836694.53,"Padilla-Hunt provides the following services:
- Sharable hybrid leverage
- Team-oriented disintermediate implementation
- Pre-emptive tertiary interface
- Cloned well-modulated adapter"
83bb2dde-f0e5-4694-bcdf-1337230112f6,Black LLC,reinvent real-time mindshare,No,213854246.94,"Black LLC provides the following services:
- Programmable bi-directional middleware
- Persistent neutral hierarchy
- Future-proofed national product
- Up-sized eco-centric function"
8407e268-55a1-406a-a1f3-ee800f2c8fcd,"Maldonado, Sanchez and Lee",whiteboard robust functionalities,No,622854283.05,"Maldonado, Sanchez and Lee provides the following services:
- Pre-emptive full-range initiative
- Right-sized holistic parallelism
- Secured radical application
- Fully-configurable client-driven extranet"
d1aa9279-55af-4023-ba77-2676c32a28b9,Arellano-Moore,facilitate killer content,Yes,135967150.1,"Arellano-Moore provides the following services:
- Compatible contextually-based Graphical User Interface
- Intuitive executive core
- Organic coherent open system
- Profound user-facing leverage"
6cf0ba77-2ddc-410d-9240-ffe179831b0b,Jones-Pearson,evolve bricks-and-clicks mindshare,No,522054708.16,"Jones-Pearson provides the following services:
- Down-sized contextually-based solution
- Down-sized responsive solution
- Multi-tiered logistical knowledge user
- Face-to-face system-worthy hierarchy"
05690061-1949-4939-adef-ee23dfddb640,Dunn LLC,transition compelling interfaces,No,94345479.07,"Dunn LLC provides the following services:
- Reduced object-oriented orchestration
- Multi-tiered empowering knowledgebase
- Configurable needs-based pricing structure
- Compatible well-modulated application"
1a69bb26-1988-41f6-b574-38a9ede71ab2,"Mckay, Morris and Krause",facilitate seamless synergies,No,90121761.58,"Mckay, Morris and Krause provides the following services:
- Integrated mobile architecture
- Extended fault-tolerant flexibility
- Distributed demand-driven info-mediaries
- Customer-focused non-volatile circuit"
e1da45ad-6184-4e50-be11-6d0074992b73,Smith PLC,incubate open-source eyeballs,No,328684402.38,"Smith PLC provides the following services:
- Synergized motivating project
- Up-sized directional analyzer
- Customer-focused user-facing leverage
- Assimilated exuding budgetary management"
ccb857eb-69ee-4441-98b8-97166ccc36dc,Irwin Inc,enhance killer infrastructures,Yes,152026297.28,"Irwin Inc provides the following services:
- Future-proofed zero administration success
- Assimilated needs-based framework
- Organized object-oriented conglomeration
- Reverse-engineered human-resource superstructure"
67650b29-27d4-473e-b672-bfb1cbd81cf3,Liu Inc,benchmark efficient web-readiness,Yes,768385722.0,"Liu Inc provides the following services:
- Fully-configurable national artificial intelligence
- Persistent homogeneous installation
- Synergized zero-defect protocol
- Operative intangible hierarchy"
6ff87380-b43c-4589-90fb-9aee1e2a1848,"Elliott, Cole and Owens",scale 24/7 schemas,No,576748859.85,"Elliott, Cole and Owens provides the following services:
- Configurable didactic process improvement
- Public-key actuating open system
- Business-focused regional approach
- Versatile zero tolerance standardization"
007761b7-4196-429d-9934-ce55b211d051,Jennings and Sons,evolve transparent e-tailers,No,180267902.72,"Jennings and Sons provides the following services:
- Ergonomic asynchronous structure
- Operative directional capability
- Down-sized mission-critical migration
- Business-focused client-driven frame"
8bfcdc2c-bbfa-4bee-8a1c-de0f939ea02a,May-Rogers,integrate bricks-and-clicks supply-chains,No,771546812.4,"May-Rogers provides the following services:
- Programmable logistical superstructure
- Reduced systematic project
- Reduced didactic extranet
- Virtual next generation ability"
e77f16b9-4208-4afd-8560-d307a8798185,"Coleman, Davis and Huff",morph next-generation bandwidth,Yes,396757434.49,"Coleman, Davis and Huff provides the following services:
- Cross-group client-driven protocol
- Open-architected modular system engine
- Stand-alone zero-defect methodology
- Ameliorated value-added product"
b929d861-4536-4fed-8078-45b30a080eb8,"Wagner, Dorsey and Moore",re-contextualize interactive applications,No,923157326.69,"Wagner, Dorsey and Moore provides the following services:
- Multi-tiered composite groupware
- Fundamental coherent customer loyalty
- Cross-platform uniform attitude
- Persevering needs-based architecture"
ab1c54de-1225-4586-8941-7d1ada6f83fb,Robinson LLC,re-intermediate out-of-the-box action-items,No,799883818.45,"Robinson LLC provides the following services:
- Future-proofed grid-enabled open system
- Realigned tangible projection
- Monitored analyzing extranet
- Multi-tiered zero-defect throughput"
9dafdfa9-cfbc-4f22-8992-d9ab8ae61d38,Davies Inc,matrix enterprise experiences,No,708589185.93,"Davies Inc provides the following services:
- Customizable even-keeled ability
- Reduced background utilization
- Profound asymmetric implementation
- Fundamental human-resource alliance"
07fef56e-6d6e-46da-b7a2-9ccd08d10f3c,Valentine PLC,deploy transparent channels,No,451389958.06,"Valentine PLC provides the following services:
- Optimized human-resource Graphical User Interface
- Intuitive uniform forecast
- Stand-alone eco-centric projection
- Persevering background initiative"
e7ba15bf-30f3-4539-acaf-e7220cdcd5fd,"Harris, Anderson and Simmons",harness leading-edge relationships,Yes,829708846.24,"Harris, Anderson and Simmons provides the following services:
- Stand-alone attitude-oriented throughput
- Persistent clear-thinking migration
- Fundamental modular collaboration
- Cross-platform system-worthy hardware"
d5664677-e39e-4c0c-a661-559ade0b3d29,Morse-Hunter,facilitate innovative synergies,Yes,565380402.04,"Morse-Hunter provides the following services:
- Streamlined zero administration frame
- Cloned 5thgeneration projection
- Sharable mission-critical collaboration
- Compatible zero-defect task-force"
7ba33664-4184-4fd7-9355-6ce61a26d15e,Haas-Harris,integrate wireless functionalities,Yes,538628358.85,"Haas-Harris provides the following services:
- Decentralized even-keeled customer loyalty
- Extended contextually-based knowledgebase
- Robust solution-oriented capability
- Reactive even-keeled strategy"
96bc310f-95ec-466f-9449-1b4a7bf33ef6,Richmond-Campbell,reinvent bleeding-edge networks,Yes,977627625.03,"Richmond-Campbell provides the following services:
- Reverse-engineered secondary definition
- Sharable 24/7 secured line
- Synchronized well-modulated throughput
- Devolved explicit benchmark"
55f0e5f6-7865-46b0-81e5-0096cde46c71,"Cameron, Graham and Weeks",leverage proactive convergence,Yes,262362960.71,"Cameron, Graham and Weeks provides the following services:
- Future-proofed well-modulated encryption
- Front-line intangible moratorium
- Organized bi-directional intranet
- Balanced contextually-based system engine"
395bee8e-ef58-477a-9e7d-255a287cf6eb,"Mcknight, Lyons and Madden",engineer interactive e-services,Yes,33115490.21,"Mcknight, Lyons and Madden provides the following services:
- Cloned client-server customer loyalty
- Pre-emptive disintermediate product
- Horizontal didactic firmware
- Persistent homogeneous ability"
7177317e-b0e8-4d92-bced-841d9f6541d8,"Ward, Simpson and Dunn",incubate turn-key models,Yes,469460871.47,"Ward, Simpson and Dunn provides the following services:
- Streamlined zero-defect knowledgebase
- Multi-tiered value-added groupware
- Programmable multi-state encryption
- Intuitive even-keeled access"
1af8689b-0adf-476a-94fe-677cc4e84c98,Henderson-Romero,incubate rich infrastructures,No,794072380.32,"Henderson-Romero provides the following services:
- Polarized static migration
- Total systemic ability
- Exclusive stable complexity
- Switchable demand-driven Graphical User Interface"
678e8841-f5b4-4ae7-b23a-c0b2fc1a554e,Miller PLC,drive impactful content,No,974340161.82,"Miller PLC provides the following services:
- Configurable reciprocal productivity
- Intuitive solution-oriented moderator
- Grass-roots secondary framework
- Compatible scalable moratorium"
ca2666dc-2f87-462e-ab3c-5c05aecf5b0a,"Baker, Jensen and Bradshaw",repurpose holistic markets,No,559086806.22,"Baker, Jensen and Bradshaw provides the following services:
- User-centric methodical archive
- Enterprise-wide bifurcated alliance
- Right-sized zero-defect success
- Mandatory user-facing flexibility"
